consumer_id,avg_consumption,max_consumption,variability,load_factor,anomaly_score,anomaly_label,risk_level,explanation
MT_001,3.9707848216053954,48.2233502538071,5.983965302643402,0.08234153787960663,0.12348059814745499,1,Low,Normal consumption pattern
MT_002,20.76848037110925,115.220483641536,13.272415025602083,0.1802498975418498,0.17029913538681707,1,Low,Normal consumption pattern
MT_003,2.9183077021578328,151.172893136403,11.01445610998977,0.019304437730940625,0.08472723249821434,1,Low,Normal consumption pattern
MT_004,82.18449040453785,321.138211382114,58.2483921427668,0.2559162612597,0.18703847735060503,1,Low,Normal consumption pattern
MT_005,37.24030935766236,150.0,26.46132745633374,0.2482687290510824,0.18795663560632947,1,Low,Normal consumption pattern
MT_006,141.2273848907576,535.714285714286,98.43998413397128,0.26362445179608074,0.17536209866513608,1,Low,Normal consumption pattern
MT_007,4.521337515172128,44.6579988694178,6.485684129144232,0.10124362106758841,0.12786106363426153,1,Low,Normal consumption pattern
MT_008,191.4014757814667,552.188552188552,121.98118650426287,0.34662340431155875,0.17311551984784412,1,Low,Normal consumption pattern
MT_009,39.975353758721326,157.342657342657,29.814594583186462,0.25406558166654053,0.1897816554491743,1,Low,Normal consumption pattern
MT_010,42.20515205375608,198.924731182796,33.40125095828115,0.21216644005401675,0.18712662775523536,1,Low,Normal consumption pattern
MT_011,29.833004107796228,100.596125186289,20.347314306362154,0.2965621593530562,0.1960826662258776,1,Low,Normal consumption pattern
MT_012,49.304994271872474,342.553191489362,73.9442419183824,0.14393383420981393,0.15441197148341884,1,Low,Normal consumption pattern
MT_013,55.109965468497506,220.563847429519,48.04455592292025,0.24985946750003013,0.19253453887218608,1,Low,Normal consumption pattern
MT_014,33.510084613625104,130.823229100191,24.893022409921777,0.2561478175100035,0.18823073514161992,1,Low,Normal consumption pattern
MT_015,15.163417825822158,101.239669421488,23.55506948763459,0.1497774332183244,0.16993257730027195,1,Low,Normal consumption pattern
MT_016,24.76707333599426,99.0888382687927,17.44488932685321,0.24994816539083867,0.1864112969724493,1,Low,Normal consumption pattern
MT_017,36.91486920899768,110.512129380054,24.282106387786047,0.334034548208247,0.18999617159829368,1,Low,Normal consumption pattern
MT_018,184.00449766342368,616.613418530351,129.60177087170277,0.29841143921581165,0.17438341654631995,1,Low,Normal consumption pattern
MT_019,6.187150101408249,22.6130653266332,4.200317011592693,0.2736095267067199,0.14771111821755883,1,Low,Normal consumption pattern
MT_020,30.630277322976934,101.321585903084,20.296580127668058,0.3023075196659019,0.19489222527848676,1,Low,Normal consumption pattern
MT_021,121.76253922520738,505.235602094241,82.81116441680336,0.24100150250792332,0.17860428362459246,1,Low,Normal consumption pattern
MT_022,20.55967877560449,79.7011207970112,16.318638061515134,0.2579597196376626,0.17987237405989126,1,Low,Normal consumption pattern
MT_023,7.376725040137685,32.3218997361478,5.507213951299931,0.22822684001732071,0.15544923903476005,1,Low,Normal consumption pattern
MT_024,21.406990415644437,82.3045267489712,16.79614554696756,0.2600949335500799,0.18154752848494493,1,Low,Normal consumption pattern
MT_025,163.37398929807392,607.476635514019,114.7495871271883,0.26893872084452153,0.17309164287306567,1,Low,Normal consumption pattern
MT_026,15.668008522914032,66.9491525423729,11.776841699935707,0.23402848173466523,0.1765397188578468,1,Low,Normal consumption pattern
MT_027,14.982382658277489,62.7283800243605,11.00111649000325,0.23884536237758885,0.17327815320788442,1,Low,Normal consumption pattern
MT_028,50.40442204185082,174.205967276227,34.64053199848896,0.28933809116841464,0.19754561399658765,1,Low,Normal consumption pattern
MT_029,58.85034928884312,169.067000626174,43.36668713581906,0.3480889178306759,0.19164541682243097,1,Low,Normal consumption pattern
MT_030,15.43861624374315,107.274063188832,19.88641029547844,0.1439175116968108,0.17074499515450542,1,Low,Normal consumption pattern
MT_031,67.35532516856395,230.263157894737,45.06494774067683,0.29251455501776324,0.19911362727411902,1,Low,Normal consumption pattern
MT_032,15.411176099519198,73.6543909348442,16.276662808819964,0.20923635242808755,0.17755080897679515,1,Low,Normal consumption pattern
MT_033,24.84886210457234,96.8280467445743,21.896184272533166,0.2566287655282557,0.1864016532930456,1,Low,Normal consumption pattern
MT_034,10.54695018175862,55.8659217877095,7.282168507725145,0.18879040825347926,0.1545156006738142,1,Low,Normal consumption pattern
MT_035,87.88241906381036,285.513361462729,58.235654609574304,0.3078049258835915,0.1967588325428511,1,Low,Normal consumption pattern
MT_036,27.421372691312822,153.184165232358,27.744751432455455,0.17900918577137923,0.174683486944205,1,Low,Normal consumption pattern
MT_037,83.37338168261319,299.806576402321,57.79597164551638,0.2780905698703937,0.19235267481467816,1,Low,Normal consumption pattern
MT_038,89.88383657169003,251.30890052356,57.850120543423685,0.3576627663581835,0.1875826208302655,1,Low,Normal consumption pattern
MT_039,13.055790481299077,129.643117261471,21.827918638625672,0.10070561983608801,0.15487113542394026,1,Low,Normal consumption pattern
MT_040,74.71300908480067,357.142857142857,66.96477392877128,0.20919642543744196,0.18127587143469032,1,Low,Normal consumption pattern
MT_041,28.81585522836165,192.045454545455,43.75288828507068,0.1500470568104035,0.17386778557921284,1,Low,Normal consumption pattern
MT_042,31.746297059709438,115.628970775095,21.475730862279764,0.2745531405053999,0.19100950089402474,1,Low,Normal consumption pattern
MT_043,814.3531049716884,2954.54545454545,559.0157378747782,0.2756272047596488,0.06306749380906457,1,Low,Normal consumption pattern
MT_044,22.820164682208567,93.2862190812721,16.15137983510753,0.24462525019185696,0.18600085197863309,1,Low,Normal consumption pattern
MT_045,70.65745479477123,241.962774957699,60.135555812922775,0.292017872613355,0.19677273967328912,1,Low,Normal consumption pattern
MT_046,98.5866196733827,350.710900473934,67.27422628841794,0.2811050912308612,0.1879995135275926,1,Low,Normal consumption pattern
MT_047,21.043447762106677,70.4449152542373,14.547697645317246,0.29872202537486764,0.18170306400956088,1,Low,Normal consumption pattern
MT_048,11.544215388817909,47.0957613814757,7.941597127418036,0.24512217342256679,0.16784905413462126,1,Low,Normal consumption pattern
MT_049,699.3350358102948,2315.21739130435,470.1047472407472,0.30206020326078437,0.08802818166331422,1,Low,Normal consumption pattern
MT_050,123.78044559901853,441.281138790036,87.61816849298329,0.2805024613977756,0.18387230395931992,1,Low,Normal consumption pattern
MT_051,41.50064191172984,140.319715808171,27.838987892715817,0.2957577391937193,0.1950463489985807,1,Low,Normal consumption pattern
MT_052,26.661097265177183,87.962962962963,17.737349285697448,0.30309457943569834,0.1898887048833528,1,Low,Normal consumption pattern
MT_053,50.24997265366431,211.515863689777,37.78258766650087,0.23757070404593483,0.19299768613263069,1,Low,Normal consumption pattern
MT_054,52.357493710712475,146.882494004796,34.00335688389837,0.35645836534476943,0.18781055644224304,1,Low,Normal consumption pattern
MT_055,17.752752957435284,97.8336827393431,14.154815951454617,0.18145849630064212,0.1707546711672544,1,Low,Normal consumption pattern
MT_056,28.20447844116669,93.1297709923664,19.134596674255206,0.3028513668682653,0.19341725795424647,1,Low,Normal consumption pattern
MT_057,18.43420971571672,93.6967632027257,15.823535805522189,0.19674329278410393,0.17248142302342206,1,Low,Normal consumption pattern
MT_058,64.04515871979049,234.910277324633,45.41727122548207,0.2726366826057747,0.1934453716814291,1,Low,Normal consumption pattern
MT_059,89.42867195607901,250.219490781387,57.950531096929836,0.3574009030104353,0.18810410173689968,1,Low,Normal consumption pattern
MT_060,20.55869526107806,62.9405840886203,13.450441051110639,0.3266365503080085,0.17125926285375387,1,Low,Normal consumption pattern
MT_061,56.770580612412225,181.520850367948,38.99627802018756,0.3127496400404506,0.19813214815150942,1,Low,Normal consumption pattern
MT_062,44.86151227441367,151.03734439834,30.00728652019757,0.29702264994872835,0.1970596551653918,1,Low,Normal consumption pattern
MT_063,16.952077438743494,71.656050955414,12.599676811873906,0.2365756584784648,0.17681963485730368,1,Low,Normal consumption pattern
MT_064,1059.3387476087682,3461.53846153846,717.2485415790692,0.3060311937536443,0.04507155955786546,1,Low,Normal consumption pattern
MT_065,47.29133054659235,158.928571428571,32.294244568896424,0.2975634281583347,0.19752552413117525,1,Low,Normal consumption pattern
MT_066,29.840385753251475,137.903861308117,28.95854139689784,0.21638542583357726,0.18764060832332102,1,Low,Normal consumption pattern
MT_067,147.19865051851974,530.364372469636,103.45321623687273,0.2775424937257584,0.17750164644912797,1,Low,Normal consumption pattern
MT_068,116.68980632299545,580.046403712297,96.27358418881629,0.20117322610084415,0.16595063550016476,1,Low,Normal consumption pattern
MT_069,121.3457236965606,374.683544303797,80.10385130037021,0.32386189770365875,0.18325569544226655,1,Low,Normal consumption pattern
MT_070,31.13149698777212,107.784431137725,21.038044255345824,0.28883111094210684,0.19436995267928464,1,Low,Normal consumption pattern
MT_071,34.25533821957869,115.501519756839,23.782907749982268,0.2965791124800363,0.19625706004285765,1,Low,Normal consumption pattern
MT_072,71.39755103987216,235.294117647059,48.85536898276308,0.3034395919194564,0.1983196146263586,1,Low,Normal consumption pattern
MT_073,35.37453617438144,158.953722334004,28.178035194941263,0.22254613264136175,0.1887333241516786,1,Low,Normal consumption pattern
MT_074,66.9091393730044,216.069489685125,43.620695995563175,0.30966491136953267,0.19794804868697713,1,Low,Normal consumption pattern
MT_075,35.954020671398524,136.986301369863,23.958805557322563,0.26246435090120923,0.18812807444384966,1,Low,Normal consumption pattern
MT_076,45.29235998972199,159.223300970874,30.87488156387836,0.284458114569595,0.1943852143028899,1,Low,Normal consumption pattern
MT_077,26.546178079284818,104.838709677419,20.4256530731801,0.2532096986024099,0.1883498143716792,1,Low,Normal consumption pattern
MT_078,30.190040924493847,113.553113553114,19.948360360379382,0.26586713459312217,0.18853920819561965,1,Low,Normal consumption pattern
MT_079,24.341624055508586,129.695251594614,19.3869385508165,0.1876832324717079,0.1761367333546015,1,Low,Normal consumption pattern
MT_080,10.823585335458922,46.8354430379747,8.272450957007997,0.23109817337871746,0.16631918652497046,1,Low,Normal consumption pattern
MT_081,74.77620563345741,262.032085561497,51.45636888322904,0.28537041741748065,0.19470264263288223,1,Low,Normal consumption pattern
MT_082,33.41087945000239,99.5639534883721,21.64853861110045,0.3355720446949145,0.18779116406748197,1,Low,Normal consumption pattern
MT_083,53.61063804651233,181.998021760633,36.16548153191081,0.2945671470925216,0.19988950684626833,1,Low,Normal consumption pattern
MT_084,165.76061548936192,626.582278481013,126.92177820569904,0.2645472449224159,0.1704983302469712,1,Low,Normal consumption pattern
MT_085,93.04279108386082,303.959131545338,61.259926158147316,0.30610296394396275,0.1943597689891971,1,Low,Normal consumption pattern
MT_086,330.2841721003398,1421.05263157895,234.11784074632521,0.23242219518172016,0.12275554204105771,1,Low,Normal consumption pattern
MT_087,86.60183835724135,337.730870712401,61.36807048075339,0.25642263076089433,0.18699545142625912,1,Low,Normal consumption pattern
MT_088,95.38215833903719,515.555555555556,74.01239335209,0.18500849677830475,0.16062493205549438,1,Low,Normal consumption pattern
MT_089,145.9033489178367,571.428571428571,102.22461037006116,0.2553308606062144,0.1759644197896441,1,Low,Normal consumption pattern
MT_090,96.78182316320276,339.330024813896,92.85871723342039,0.2852144404736431,0.18418304986749018,1,Low,Normal consumption pattern
MT_091,103.77339456055351,306.871247498332,68.49263150571483,0.33816590966580395,0.18876394017806603,1,Low,Normal consumption pattern
MT_092,24.781491384749298,174.974039460021,33.503006860825735,0.14162953236506554,0.17166550627431176,1,Low,Normal consumption pattern
MT_093,19.532633438376934,286.802030456853,54.481826746575734,0.068104934289562,0.1206184632331524,1,Low,Normal consumption pattern
MT_094,19.374382706762326,245.073269327943,28.539708815801397,0.07905547087975816,0.13256205527321263,1,Low,Normal consumption pattern
MT_095,12.743094360598661,123.101100052383,16.208832624649524,0.10351730695482099,0.1554634084587651,1,Low,Normal consumption pattern
MT_096,8.195473618426927,41.1594202898551,7.27061773668326,0.1991153801660062,0.15406837979921945,1,Low,Normal consumption pattern
MT_097,140.81003080561453,609.243697478992,126.42151657354246,0.23112267125335337,0.16932125641573115,1,Low,Normal consumption pattern
MT_098,511.11265218582645,1843.49258649094,478.7349907506297,0.2772523502026778,0.09085725280271068,1,Low,Normal consumption pattern
MT_099,877.5876511076175,4578.125,848.4948945709741,0.19169150058323386,-0.0010191316324364985,-1,High,Unusual consumption detected
MT_100,44.1620608600655,295.60585885486,50.42495259910837,0.1493950797563478,0.16524238767831878,1,Low,Normal consumption pattern
MT_101,524.3431423753956,3080.1393728223,500.32070151991127,0.17023357676667253,0.028580453732581335,1,Low,Normal consumption pattern
MT_102,656.247654788481,3240.42272126816,539.7547460647949,0.20251914988784375,0.049369489853534676,1,Low,Normal consumption pattern
MT_103,843.3659323194005,2720.33898305085,740.1451340674129,0.31002236764389146,0.051812561107679456,1,Low,Normal consumption pattern
MT_104,425.5690160905208,1833.66336633663,414.7967052022476,0.2320867744338158,0.08819299850300522,1,Low,Normal consumption pattern
MT_105,163.6778470049697,716.867469879518,162.70958074396754,0.22832371935147033,0.15392735088639775,1,Low,Normal consumption pattern
MT_106,12.313604979872379,148.148148148148,25.72626610700318,0.08311683361413863,0.1428121890714455,1,Low,Normal consumption pattern
MT_107,4.059163893611642,68.0157391793142,8.463070672826495,0.0596797732788026,0.11880937679557008,1,Low,Normal consumption pattern
MT_108,7.1556085512707694,131.318681318681,14.951731532933051,0.05449040821469804,0.12561442715441917,1,Low,Normal consumption pattern
MT_109,15.580324852791971,255.31914893617,34.23165863385568,0.061022939006768605,0.1271788593925961,1,Low,Normal consumption pattern
MT_110,5.663000807593552,215.608465608466,15.09820358106142,0.026265206199636307,0.09464391248225357,1,Low,Normal consumption pattern
MT_111,12.70906789239526,182.565789473684,24.924636992801684,0.06961363314032727,0.1389237044699737,1,Low,Normal consumption pattern
MT_112,7.679518495051928,122.778675282714,16.615701760967216,0.06254765721627822,0.13901534804963445,1,Low,Normal consumption pattern
MT_113,7.732166044396615,72.289156626506,14.300799856242257,0.10696163028081987,0.14801460486015028,1,Low,Normal consumption pattern
MT_114,232.44322019300944,774.834437086093,169.2522858019974,0.29999082264225996,0.16240659809867924,1,Low,Normal consumption pattern
MT_115,5.6492647023968106,84.9141824751581,11.471348796435901,0.066529106654822,0.1325469605661465,1,Low,Normal consumption pattern
MT_116,9.37283563905623,109.484404837683,19.349017349039816,0.08560886505207754,0.14497537869318355,1,Low,Normal consumption pattern
MT_117,3.6176196180046287,63.7755102040816,7.777710089748673,0.05672427561031261,0.10990161694061401,1,Low,Normal consumption pattern
MT_118,73.11132699364289,285.522788203753,56.36769358824536,0.2560612673110688,0.18828136750672242,1,Low,Normal consumption pattern
MT_119,60.24627535181869,239.893617021277,41.77293444730451,0.2511374670984899,0.19237411965763168,1,Low,Normal consumption pattern
MT_120,9.609596466991675,95.8617077003667,18.216686294743486,0.10024436970211534,0.15186332742195569,1,Low,Normal consumption pattern
MT_121,27.650903128026062,619.815668202765,57.71890903683984,0.04461149426603461,0.08236502256491013,1,Low,Normal consumption pattern
MT_122,5.380452332102781,71.6064757160648,10.781773595029648,0.07513918648136574,0.13459652721428567,1,Low,Normal consumption pattern
MT_123,46.57439629614549,179.886685552408,34.92881906696695,0.2589096361029819,0.1896121934127616,1,Low,Normal consumption pattern
MT_124,280.7633642160282,765.55023923445,129.25049294071653,0.3667471445071867,0.15960768880481874,1,Low,Normal consumption pattern
MT_125,28.721841740496632,103.397341211226,24.067014697076356,0.27778124083308886,0.1912478860254388,1,Low,Normal consumption pattern
MT_126,44.13607716699408,141.138732959102,30.81973013905638,0.31271413765478157,0.19299790053545057,1,Low,Normal consumption pattern
MT_127,41.791837900678104,146.887966804979,49.66186628346648,0.2845150546345605,0.1910192790003865,1,Low,Normal consumption pattern
MT_128,224.39499769971553,792.442497261774,188.0348597394699,0.28316880843101644,0.1506554580144292,1,Low,Normal consumption pattern
MT_129,83.43051363513426,286.110776640578,60.95262403242416,0.29160213611926433,0.19565500154208,1,Low,Normal consumption pattern
MT_130,32.12493073889379,604.395604395604,61.60358066145992,0.05315215813162431,0.09229099156107712,1,Low,Normal consumption pattern
MT_131,69.56312623583544,1770.83333333333,103.35672517901092,0.039282706580236554,0.018149621552712825,1,Low,Normal consumption pattern
MT_132,13.598256758603439,124.101894186806,17.249964394732473,0.10957332156537823,0.15749693533148357,1,Low,Normal consumption pattern
MT_133,0.8180580543510672,39.0309555854643,2.260777679460828,0.02095921153044288,0.060678500891997444,1,Low,Normal consumption pattern
MT_134,7.117639683500653,64.0243902439024,10.417003466716187,0.11117075315181979,0.14188111961160904,1,Low,Normal consumption pattern
MT_135,24.26077379576053,74.495602690119,19.622993236362326,0.3256671926889243,0.18186167139975684,1,Low,Normal consumption pattern
MT_136,100.02944692224845,275.268817204301,86.25214389725846,0.3633882251472308,0.17997742380251824,1,Low,Normal consumption pattern
MT_137,53.166438804690046,171.648163962425,40.34563121326006,0.30974079522533404,0.19970168670233368,1,Low,Normal consumption pattern
MT_138,85.47642088670453,296.463506395786,61.24180773868512,0.2883202115696204,0.1945346544325433,1,Low,Normal consumption pattern
MT_139,294.6023504962402,819.479429051217,205.56522131273132,0.35949938467317855,0.146089992319967,1,Low,Normal consumption pattern
MT_140,48.490916694004675,360.94674556213,60.501060115114875,0.13434368723420975,0.15768542434581723,1,Low,Normal consumption pattern
MT_141,6.627775037116057,61.6016427104723,5.58051558421601,0.10759088143585062,0.13662711619868406,1,Low,Normal consumption pattern
MT_142,41.682001693778474,297.88838612368,43.67860735203457,0.13992489682519063,0.15994166514919939,1,Low,Normal consumption pattern
MT_143,127.25191508358233,397.491821155943,92.31907174053993,0.32013719103331983,0.1808346919678422,1,Low,Normal consumption pattern
MT_144,99.0003775747426,428.077455048409,91.89298059714523,0.23126744099043287,0.18149319029439992,1,Low,Normal consumption pattern
MT_145,58.01415577071861,153.573538098051,33.93902420651679,0.37776140661471724,0.18356513621062825,1,Low,Normal consumption pattern
MT_146,62.609300333306315,186.225895316804,37.28916216635215,0.3362008287128734,0.19537354317757233,1,Low,Normal consumption pattern
MT_147,2051.058760844282,5443.90243902439,1205.0403597110403,0.37676258599738155,-0.019459777088895902,-1,High,Unusual consumption detected
MT_148,257.4551587501343,688.968335035751,150.36569179883955,0.37368213553207025,0.15628343686460922,1,Low,Normal consumption pattern
MT_149,17.606216094778905,61.277705345502,10.46945746912053,0.28731846265309385,0.17435958971470072,1,Low,Normal consumption pattern
MT_150,20.594514915338582,56.3035495716034,12.47858388261175,0.36577649317025285,0.15792375638699907,1,Low,Normal consumption pattern
MT_151,74.13816951256491,289.002557544757,59.32814872611325,0.2565311883133884,0.18863162963510927,1,Low,Normal consumption pattern
MT_152,529.5137937018033,2020.67183462532,536.0900978230676,0.26204838639718436,0.08657776256758881,1,Low,Normal consumption pattern
MT_153,137.90776434229454,364.11332633788,101.47357512151224,0.37874956604670557,0.17025065937435568,1,Low,Normal consumption pattern
MT_154,24.93599876261866,78.1414994720169,15.181096382851072,0.31911338957026847,0.17952275108204624,1,Low,Normal consumption pattern
MT_155,110.94342171141025,511.111111111111,102.57888002065512,0.2170632163918897,0.17393606677521506,1,Low,Normal consumption pattern
MT_156,78.01069960442356,183.449781659389,28.475150259504478,0.42524280431832806,0.18608950267415014,1,Low,Normal consumption pattern
MT_157,1640.2217131489822,5625.36023054755,1085.1490908304195,0.29157629839277505,-0.0016098314101259392,-1,High,Unusual consumption detected
MT_158,75.50701530417714,235.33422459893,52.76699155100899,0.32085012468059204,0.19393160245641633,1,Low,Normal consumption pattern
MT_159,61.921859101321424,167.375478927203,46.42228566557045,0.36995777098420274,0.1865779699941854,1,Low,Normal consumption pattern
MT_160,1.1599758262198328,58.7942779291553,3.160196866682309,0.019729399987147664,0.07321374760994731,1,Low,Normal consumption pattern
MT_161,1774.4500884449737,4083.33333333333,381.7463600557561,0.4345592053334633,0.025149924916466282,1,Low,Normal consumption pattern
MT_162,288.5658301777643,683.987274655355,145.7865831072062,0.42188771760873156,0.15618580173235364,1,Low,Normal consumption pattern
MT_163,2398.8643117102,4923.96313364055,378.7540684588777,0.487181615012741,-0.018135875704264226,-1,High,Unusual consumption detected
MT_164,108.68927894519777,285.187914517318,72.86431120693658,0.38111460343316067,0.17920118685748415,1,Low,Normal consumption pattern
MT_165,28.104239388670916,154.311649016641,43.24384444396347,0.18212649250893656,0.17680140384179027,1,Low,Normal consumption pattern
MT_166,1283.434071418543,2173.62637362637,392.558284516729,0.5904575353846694,0.008733521122603838,1,Low,Normal consumption pattern
MT_167,47.87081785725097,156.818830242511,42.763783277378494,0.3052619241147354,0.198903608329291,1,Low,Normal consumption pattern
MT_168,137.11595732846334,298.837471783296,45.89710379045707,0.45883120517059484,0.18378001798488147,1,Low,Normal consumption pattern
MT_169,40.026304555654825,78.7204610951009,11.457005846200422,0.5084612564362359,0.13096595235574993,1,Low,Normal consumption pattern
MT_170,39.62174675068555,247.452830188679,49.23021582444527,0.16011838183654872,0.17255609284859458,1,Low,Normal consumption pattern
MT_171,246.21777278388822,443.323262839879,63.73276282692608,0.555391050780067,0.12536581837944832,1,Low,Normal consumption pattern
MT_172,124.06753926426366,259.688667496887,40.7025483657076,0.47775492269315495,0.1821637484967441,1,Low,Normal consumption pattern
MT_173,43.612818393760826,135.30303030303,35.35458101695679,0.32233438006587023,0.18821842136110667,1,Low,Normal consumption pattern
MT_174,145.33250270385548,338.218125960061,48.477976405035434,0.42970051439826523,0.18603836092397708,1,Low,Normal consumption pattern
MT_175,163.32117487984377,329.638157894737,60.00830526602111,0.4954559142148736,0.17386078504151775,1,Low,Normal consumption pattern
MT_176,84.7705712681176,162.119402985075,28.97526251077456,0.522889732550531,0.152420670831672,1,Low,Normal consumption pattern
MT_177,92.64165969908233,313.682634730539,83.20909882890271,0.29533563366892707,0.18889397352593856,1,Low,Normal consumption pattern
MT_178,51.62617724006516,926.062717770035,154.15320043398785,0.055748035472566404,0.05931190010588855,1,Low,Normal consumption pattern
MT_179,20.27972180218933,154.619246861925,36.87549764877232,0.13115910349957352,0.16587767386782465,1,Low,Normal consumption pattern
MT_180,154.23084449900927,295.101404056162,45.81514881862175,0.522636769527728,0.16115240805225678,1,Low,Normal consumption pattern
MT_181,27.326419857798733,250.670391061453,56.027720895187876,0.10901335312114918,0.14780440060415467,1,Low,Normal consumption pattern
MT_182,52.78303786376833,97.3474801061008,15.514612963198223,0.5422126777831242,0.11180636685049278,1,Low,Normal consumption pattern
MT_183,85.35754833174028,176.427514792899,30.948768813383303,0.4838108638096387,0.17335307162099955,1,Low,Normal consumption pattern
MT_184,56.306016342481044,177.745664739884,48.59172136244958,0.3167785634877802,0.19669280653561189,1,Low,Normal consumption pattern
MT_185,26.352443954119288,156.207710464201,37.27192024135179,0.16870130082444698,0.17505018849574938,1,Low,Normal consumption pattern
MT_186,176.66471701536904,1128.65497076023,280.84657611168774,0.1565267699980736,0.08627144420570326,1,Low,Normal consumption pattern
MT_187,49.77451586131285,173.750932140194,47.585913741267035,0.2864704968670407,0.19917966356742312,1,Low,Normal consumption pattern
MT_188,35.15191165967324,69.726867335563,11.110029288393863,0.5041372573143639,0.13030795896115355,1,Low,Normal consumption pattern
MT_189,415.46963852848427,826.498422712934,121.1155198802324,0.5026865473798835,0.14423329370032517,1,Low,Normal consumption pattern
MT_190,387.0396645463712,801.173020527859,106.03358190902394,0.48309123576249136,0.1446959901281128,1,Low,Normal consumption pattern
MT_191,1952.047704752009,4107.91366906475,527.975818426993,0.47519199817956065,0.018715750370604467,1,Low,Normal consumption pattern
MT_192,465.8465576868667,896.34601043997,138.37212771083477,0.5197173326606392,0.12599078366546712,1,Low,Normal consumption pattern
MT_193,303.9864305862243,624.249044238121,93.84447237675374,0.4869633896792449,0.15646964630470966,1,Low,Normal consumption pattern
MT_194,2675.000006042221,6038.13559322034,909.5232085949265,0.44301754486032563,-0.044376582245789,-1,High,Unusual consumption detected
MT_195,451.86963900286946,937.394247038917,155.8278091779187,0.48204865821425247,0.13657001936585927,1,Low,Normal consumption pattern
MT_196,20744.1508741159,78541.6666666667,7339.1079471394805,0.26411650980306706,-0.2902386452923238,-1,High,Unusual consumption detected
MT_197,156.90450595408944,293.010752688172,51.85459490003455,0.535490607476342,0.14223513078615163,1,Low,Normal consumption pattern
MT_198,246.908219422349,491.909385113269,92.44176257213124,0.5019384197467485,0.16170136485785214,1,Low,Normal consumption pattern
MT_199,465.61441646938647,1047.59174311927,178.28003935064245,0.44446170898883797,0.1448663858013406,1,Low,Normal consumption pattern
MT_200,848.6403103927772,1648.67841409692,281.08389959694483,0.514739747385865,0.10024549530321775,1,Low,Normal consumption pattern
MT_201,295.91162983409885,614.024005053696,90.95657701485918,0.48192192389647953,0.15993925917279794,1,Low,Normal consumption pattern
MT_202,242.39314509002455,479.43661971831,72.33905411950731,0.505579121662507,0.16667388730815114,1,Low,Normal consumption pattern
MT_203,537.6068629651709,1165.59139784946,179.00111164596356,0.46123098021919734,0.14282495911353504,1,Low,Normal consumption pattern
MT_204,888.2143121660689,1613.4328358209,277.93962883262645,0.5505121083730476,0.07582098118492853,1,Low,Normal consumption pattern
MT_205,531.8350228589273,961.864406779661,147.7234554904416,0.552920992928224,0.0917526799497631,1,Low,Normal consumption pattern
MT_206,209.21510337895637,435.280641466208,71.19631224778914,0.4806441717100766,0.17360741746626762,1,Low,Normal consumption pattern
MT_207,857.4103466392262,1862.58503401361,281.7240606205442,0.4603335316141926,0.10818387310492789,1,Low,Normal consumption pattern
MT_208,6662.030066989151,14218.487394958,2081.556919894654,0.46854703189817265,-0.15241453821220186,-1,High,Unusual consumption detected
MT_209,586.1908202679386,1164.0625,185.9264026581236,0.5035733221093701,0.1294325003017927,1,Low,Normal consumption pattern
MT_210,733.4094068520551,1571.05943152455,204.10400224286462,0.4668247375851068,0.12135010325422779,1,Low,Normal consumption pattern
MT_211,192.84435959958932,376.0,60.13516184319127,0.5128839351052907,0.1624928869906742,1,Low,Normal consumption pattern
MT_212,363.77429223550473,658.914728682171,110.27988309969408,0.5520809846868244,0.11100875029540408,1,Low,Normal consumption pattern
MT_213,1195.7390557730694,2477.22342733189,330.38892938600355,0.4826932615686378,0.06904696552610673,1,Low,Normal consumption pattern
MT_214,396.86399161637746,962.321792260693,146.1329252185925,0.41240258176432004,0.145065682026164,1,Low,Normal consumption pattern
MT_215,405.47111860839084,809.294871794872,118.37294602261764,0.501017778240863,0.14452312538810336,1,Low,Normal consumption pattern
MT_216,2200.5197141174417,4514.95016611296,760.8051072437288,0.48738516111063246,0.0012456053285335722,1,Low,Normal consumption pattern
MT_217,214.4549701242917,537.985865724382,88.06368061821165,0.39862565875319866,0.17303738792301565,1,Low,Normal consumption pattern
MT_218,1300.4490950816592,2378.07183364839,390.41199978362357,0.5468502156583455,0.03653798504870187,1,Low,Normal consumption pattern
MT_219,509.5168220814044,1234.40860215054,193.26032459318384,0.4127618854840638,0.14100078061726934,1,Low,Normal consumption pattern
MT_220,2951.449898485806,7075.94936708861,1229.4875532662707,0.4171100929881549,-0.06528629360687932,-1,High,Unusual consumption detected
MT_221,158.6896157341144,369.599167100468,58.88299296199344,0.42935598848624534,0.1841695942558425,1,Low,Normal consumption pattern
MT_222,946.2837192942429,2045.33333333333,347.6773204826321,0.46265501269275316,0.10068937911944426,1,Low,Normal consumption pattern
MT_223,336.2102251121759,1541.33333333333,412.8704813285819,0.21812947130980317,0.09416651411947485,1,Low,Normal consumption pattern
MT_224,1287.9561266024527,6770.57971014493,1767.135328774451,0.19022833815435325,-0.060657399178005944,-1,High,Unusual consumption detected
MT_225,337.55857456469846,668.614634146342,108.32068008011797,0.5048626777301674,0.1521578584861445,1,Low,Normal consumption pattern
MT_226,483.89734356080254,955.77967416602,125.33825324185553,0.5062854511768463,0.1341385640710932,1,Low,Normal consumption pattern
MT_227,272.22980011867753,549.6417604913,95.81529164264356,0.4952858747038136,0.16224578344225288,1,Low,Normal consumption pattern
MT_228,5782.656826014387,10473.6842105263,1967.8556654770978,0.5521129632878066,-0.1369783630591105,-1,High,Unusual consumption detected
MT_229,973.7101175294036,1625.96599690881,275.8105781209152,0.5988502338797758,0.024530298954531626,1,Low,Normal consumption pattern
MT_230,98.5101338398255,225.896860986547,29.789377433718833,0.43608456270533186,0.18451092516840112,1,Low,Normal consumption pattern
MT_231,641.4658756408372,1595.61643835616,223.38189216376443,0.40201759033122636,0.12381585528259215,1,Low,Normal consumption pattern
MT_232,85.59870944981029,200.531400966184,32.80551466408753,0.4268593798147601,0.1875392465892473,1,Low,Normal consumption pattern
MT_233,139.14409517021156,330.197941409343,54.93238027446243,0.42139601045457775,0.18413422009750136,1,Low,Normal consumption pattern
MT_234,88.18504898920956,191.030577576444,30.29523003435375,0.4616279242202515,0.1811581766508924,1,Low,Normal consumption pattern
MT_235,791.8746665760762,1617.5,284.817842682192,0.4895670272495061,0.1136011567352242,1,Low,Normal consumption pattern
MT_236,147.88264104560383,338.411214953271,45.92775710338634,0.43699095807455435,0.183278505622696,1,Low,Normal consumption pattern
MT_237,85.99122415430516,168.67217630854,24.84919943256254,0.5098127387471869,0.16457232425678076,1,Low,Normal consumption pattern
MT_238,410.86750263803333,928.95,101.72337704944584,0.4422923759492258,0.14333543925832065,1,Low,Normal consumption pattern
MT_239,116.00620469698772,231.551446945338,32.82692448991432,0.5009953780352456,0.1737608145484883,1,Low,Normal consumption pattern
MT_240,364.4990413398977,892.939759036145,124.77185447981289,0.40820115539859536,0.1478061260413251,1,Low,Normal consumption pattern
MT_241,2616.8670762175975,5061.72839506173,772.0208404580887,0.5169908126185984,-0.030487920497696774,-1,High,Unusual consumption detected
MT_242,199.836559159262,412.942942942943,60.78543639179652,0.483932617264448,0.17210570037461326,1,Low,Normal consumption pattern
MT_243,131.09128805678844,285.600636435959,46.88505377824414,0.4590020865943812,0.18338371976502083,1,Low,Normal consumption pattern
MT_244,156.9006859135856,342.769089236431,51.634582130076424,0.45774455994006097,0.18277621105639769,1,Low,Normal consumption pattern
MT_245,198.33486886704372,371.126436781609,47.911621955477806,0.5344132058793611,0.13788957770362587,1,Low,Normal consumption pattern
MT_246,608.0142635446459,1236.88796680498,184.35297215690758,0.49156777320359485,0.12915077240675082,1,Low,Normal consumption pattern
MT_247,464.15317913446074,1398.37398373984,172.20680101966695,0.3319234943810382,0.1357905272497622,1,Low,Normal consumption pattern
MT_248,166.72525384374043,454.850166481687,63.768864594390024,0.36654983581379663,0.18110232067901594,1,Low,Normal consumption pattern
MT_249,69.64533008688875,157.059523809524,24.812685351894004,0.44343270880759855,0.17436929251903283,1,Low,Normal consumption pattern
MT_250,93.05704446497093,181.857605177994,27.120438059800506,0.5117027928190899,0.16703022077840174,1,Low,Normal consumption pattern
MT_251,78.06250573891425,147.525387493319,23.007134459257912,0.5291462511321957,0.14217603006852647,1,Low,Normal consumption pattern
MT_252,232.63418452008534,467.944785276074,82.16186062268754,0.4971402435499689,0.16874979803077195,1,Low,Normal consumption pattern
MT_253,334.6074283587937,746.149914821124,123.23275621895296,0.4484453079901642,0.15612967732255684,1,Low,Normal consumption pattern
MT_254,250.5582446696296,485.575342465753,79.31476170916477,0.5160028171885626,0.15464439558051324,1,Low,Normal consumption pattern
MT_255,329.5143648379889,1242.67924528302,340.094606824114,0.2651644550182715,0.11146472571574995,1,Low,Normal consumption pattern
MT_256,147.28388104660758,300.465328467153,48.350432442774824,0.49018594524029657,0.17582097066833646,1,Low,Normal consumption pattern
MT_257,156.41463973047266,310.724907063197,46.01987750620991,0.5033862306334528,0.17305148793761616,1,Low,Normal consumption pattern
MT_258,123.59881307169005,255.733438485804,38.70203168075873,0.48331111411756633,0.18126607031233966,1,Low,Normal consumption pattern
MT_259,159.07957873843205,347.789046653144,38.18194031001551,0.45740249806396244,0.18166782626783434,1,Low,Normal consumption pattern
MT_260,183.53085166715556,394.754285714286,70.7447203187771,0.46492427899817895,0.1744258223156308,1,Low,Normal consumption pattern
MT_261,62.423931484880754,169.878787878788,24.499069499545723,0.3674616016769646,0.18403161306057897,1,Low,Normal consumption pattern
MT_262,197.41285613551838,412.679083094556,53.67745911210357,0.47836894144277653,0.1709648554193936,1,Low,Normal consumption pattern
MT_263,191.58850804938174,447.422279792746,72.90799065032594,0.4282051133844496,0.1821775056446429,1,Low,Normal consumption pattern
MT_264,196.46327368818112,441.820151679307,69.3133070806808,0.44466797845559347,0.17722910082161886,1,Low,Normal consumption pattern
MT_265,177.66674721655735,320.376282782212,51.852803744606234,0.5545564911162075,0.12956501618228417,1,Low,Normal consumption pattern
MT_266,280.6974381965602,512.617328519856,75.91292710424119,0.5475769596144028,0.12636103459362663,1,Low,Normal consumption pattern
MT_267,69.91145167587423,178.36919592299,25.16493902523205,0.39194801161775794,0.18200931791164132,1,Low,Normal consumption pattern
MT_268,250.5656181265175,573.811394891945,94.354260376694,0.43666894794534666,0.1656988092323794,1,Low,Normal consumption pattern
MT_269,800.7494662820637,1686.11428571429,240.3109553514585,0.47490817975179045,0.11398344246741321,1,Low,Normal consumption pattern
MT_270,68.40652168617144,147.887686759402,24.480061685730718,0.46255724993157676,0.1689386888254928,1,Low,Normal consumption pattern
MT_271,152.53732748092798,316.412961567445,44.28416375154939,0.4820830560331325,0.17691160120405053,1,Low,Normal consumption pattern
MT_272,155.357363204156,279.341111873713,42.21427133594609,0.5561564574654924,0.12457622050487793,1,Low,Normal consumption pattern
MT_273,496.70105594985813,1102.1021021021,158.61713945996146,0.45068515430872774,0.14434066875131768,1,Low,Normal consumption pattern
MT_274,328.9443048201249,592.017738359202,87.75718464455248,0.5556325148834318,0.10908990261937657,1,Low,Normal consumption pattern
MT_275,131.4951247854923,264.660194174757,35.63042404213609,0.496845115660518,0.17549357871298704,1,Low,Normal consumption pattern
MT_276,1973.3353819211484,3928.51485148515,709.0549548930554,0.5023107857604615,0.007818980969688472,1,Low,Normal consumption pattern
MT_277,92.024291559392,199.036954087346,29.86032905044561,0.4623477684400645,0.18058468870884758,1,Low,Normal consumption pattern
MT_278,90.66898511197101,167.593818984547,28.653230308696468,0.5410043500490382,0.13913403037243616,1,Low,Normal consumption pattern
MT_279,12038.97123236558,21414.1666666667,3130.464061822243,0.5621965785437473,-0.22507288243925816,-1,High,Unusual consumption detected
MT_280,270.7144047709584,583.574074074074,123.08638962556111,0.4638903899226274,0.16333480485851043,1,Low,Normal consumption pattern
MT_281,122.79088881069033,246.381299332119,33.03184863792031,0.498377470788356,0.17459580609728464,1,Low,Normal consumption pattern
MT_282,113.08172615639408,201.964285714286,30.26257293219913,0.5599095194304208,0.12256369301577158,1,Low,Normal consumption pattern
MT_283,268.6284284136567,466.471389645777,60.87574630885241,0.5758733212290775,0.10057042676429051,1,Low,Normal consumption pattern
MT_284,73.79102426811954,165.568922305764,26.80396421856154,0.4456816124697976,0.1755464477766841,1,Low,Normal consumption pattern
MT_285,101.44324467983807,204.847982310669,34.33472075372316,0.4952123205489569,0.17517075180113723,1,Low,Normal consumption pattern
MT_286,120.59137780126154,227.323377369328,42.881633632723464,0.5304838384718304,0.15347943282912346,1,Low,Normal consumption pattern
MT_287,158.01918091339394,338.986220472441,49.50701180945607,0.4661522249876839,0.18172510369310857,1,Low,Normal consumption pattern
MT_288,95.14081064419986,277.384428223844,47.163775936734005,0.3429926158919888,0.19369217429271346,1,Low,Normal consumption pattern
MT_289,28.24072242134936,171.792073520965,48.55406799554383,0.16438897233464583,0.17486577715336382,1,Low,Normal consumption pattern
MT_290,583.407894355051,1501.56794425087,203.634674096974,0.38853246474045655,0.12637132876790658,1,Low,Normal consumption pattern
MT_291,89.39857025414398,217.934782608696,31.580852536418092,0.4102079034105353,0.18423846842343,1,Low,Normal consumption pattern
MT_292,264.3603817772236,613.792325056433,65.90144567118533,0.4307000446004565,0.16178761484033471,1,Low,Normal consumption pattern
MT_293,97.30718999821846,190.665519219736,34.73931924020706,0.5103554664547132,0.16863687001567162,1,Low,Normal consumption pattern
MT_294,641.0199544385247,1495.2027027027,199.36787583155416,0.42871776066203543,0.13145964795400483,1,Low,Normal consumption pattern
MT_295,266.6687489176418,609.457831325301,80.87036895035017,0.4375507790879564,0.1625645246338963,1,Low,Normal consumption pattern
MT_296,97.88249424021649,247.521826729349,32.99331496146999,0.3954499509542058,0.1859329706469991,1,Low,Normal consumption pattern
MT_297,150.6588222054057,310.784482758621,48.69489698986904,0.4847694481658496,0.1784101171379504,1,Low,Normal consumption pattern
MT_298,964.4079586403349,2239.0,273.22604837214925,0.43073155812431213,0.0902353923756557,1,Low,Normal consumption pattern
MT_299,494.2904936312705,1034.0404040404,141.64737576867842,0.47801854908172287,0.13897492670192374,1,Low,Normal consumption pattern
MT_300,131.81722771043815,257.51586582049,37.06413861215351,0.5118800245198318,0.17070461954483418,1,Low,Normal consumption pattern
MT_301,116.15732698705632,241.303714493809,35.59576778881548,0.4813739698567156,0.1773562858807219,1,Low,Normal consumption pattern
MT_302,126.91843392050895,279.734299516908,39.257355609383374,0.45371066093679946,0.18358021823953447,1,Low,Normal consumption pattern
MT_303,152.64188102693933,332.951318458418,46.41257712460269,0.45845104844059253,0.18309566990142256,1,Low,Normal consumption pattern
MT_304,69.3295285594269,142.750569476082,23.091678679458,0.4856690156395007,0.16244167000491933,1,Low,Normal consumption pattern
MT_305,18.994299702838134,156.877562975981,33.52428092008952,0.12107722317018839,0.1574890369702998,1,Low,Normal consumption pattern
MT_306,81.25582124540132,191.344880285278,29.435003747036955,0.42465636459285555,0.18731839869957118,1,Low,Normal consumption pattern
MT_307,781.7337893492927,1544.15384615385,273.5857582780275,0.5062538239285035,0.11372386252657096,1,Low,Normal consumption pattern
MT_308,66.83868564302693,281.498655913978,63.709876763739636,0.23743873812119334,0.18896652348863463,1,Low,Normal consumption pattern
MT_309,222.53783267761884,467.158908507223,56.796387151900994,0.47636431335265456,0.16950394540275043,1,Low,Normal consumption pattern
MT_310,601.5812127394979,1309.73094170404,182.4643999595831,0.459316637932371,0.13577322348659887,1,Low,Normal consumption pattern
MT_311,129.84826398564587,246.198267564966,37.63677690231232,0.5274133943748485,0.15719638739385883,1,Low,Normal consumption pattern
MT_312,384.46657603625994,1046.27604166667,153.58881550690305,0.3674618941133568,0.14129350254342915,1,Low,Normal consumption pattern
MT_313,237.9518944832782,456.897001303781,79.38043040404493,0.5207998603717452,0.15306564133811967,1,Low,Normal consumption pattern
MT_314,1120.6907850043715,2398.87640449438,327.61220114598655,0.46717320780041754,0.08107648574331738,1,Low,Normal consumption pattern
MT_315,88.78603313151987,172.040261153428,24.537114908670446,0.5160770655442054,0.1613780844137217,1,Low,Normal consumption pattern
MT_316,347.55037953476824,807.989323843416,114.73577291785922,0.43014229183320457,0.15386397706300148,1,Low,Normal consumption pattern
MT_317,534.9990246578892,1262.44712990937,203.01934720733422,0.4237793504242006,0.1388128567039405,1,Low,Normal consumption pattern
MT_318,174.4225778413017,416.973415132924,61.43493732252785,0.4183062313114105,0.17990224336246108,1,Low,Normal consumption pattern
MT_319,96.79459298390023,184.991139988187,29.911169246263263,0.5232390750718183,0.1589772491023433,1,Low,Normal consumption pattern
MT_320,104.69942031147505,220.044593088071,29.62293209418845,0.47581001124426625,0.1783959063411908,1,Low,Normal consumption pattern
MT_321,112.89843649643295,254.652406417112,35.94393130300574,0.4433432932556276,0.18323912517522672,1,Low,Normal consumption pattern
MT_322,31.913161906832848,223.289994347089,49.53093642163145,0.1429224896536386,0.17193982289321275,1,Low,Normal consumption pattern
MT_323,1789.7653671961518,4433.29268292683,644.6984672222117,0.40371017552907446,0.01742194250319784,1,Low,Normal consumption pattern
MT_324,337.04211745203145,668.362676056338,96.80158112878173,0.5042802800430785,0.152750448748308,1,Low,Normal consumption pattern
MT_325,313.9650303932255,625.272331154684,96.85697465481148,0.5021252576672144,0.15541723751852,1,Low,Normal consumption pattern
MT_326,253.9743638707247,524.788029925187,89.1866542472384,0.48395609158031083,0.16138382065427498,1,Low,Normal consumption pattern
MT_327,568.3066393798605,1146.23794212219,193.55617306890414,0.49580162939614025,0.13158595847069626,1,Low,Normal consumption pattern
MT_328,1255.1986948732897,2637.03703703704,464.59913023233827,0.4759882691232975,0.05892848219244695,1,Low,Normal consumption pattern
MT_329,212.72900446326713,376.176470588235,57.479581569713005,0.565503217494221,0.11241782570702696,1,Low,Normal consumption pattern
MT_330,99.40905790126627,243.5625,39.651647748975186,0.4081459908699667,0.1856009912068181,1,Low,Normal consumption pattern
MT_331,221.8271031251848,503.472222222222,80.8389675506328,0.44059452206933275,0.1737744021086725,1,Low,Normal consumption pattern
MT_332,29.308875445319078,291.036088474971,50.85535510942216,0.10070529603011631,0.14167498256279326,1,Low,Normal consumption pattern
MT_333,63.74555378559619,274.742268041237,46.93574984789768,0.2320194640601438,0.19255773799823978,1,Low,Normal consumption pattern
MT_334,61.005710137974,232.629953679876,55.64292880727912,0.26224357256213215,0.18909044382875617,1,Low,Normal consumption pattern
MT_335,54.978062104307796,435.094920472037,53.6717251159096,0.12635877717133948,0.14469835231643768,1,Low,Normal consumption pattern
MT_336,121.34626912812749,629.92125984252,93.75914737939559,0.19263720224090228,0.155672752646689,1,Low,Normal consumption pattern
MT_337,31.36277446425551,267.176724137931,61.4850260165446,0.11738587844974234,0.14657246828434095,1,Low,Normal consumption pattern
MT_338,183.6416563700958,904.761904761905,137.64541770922008,0.20297235704063213,0.13885117352719567,1,Low,Normal consumption pattern
MT_339,2442.715561695316,9930.08130081301,2128.8349414036543,0.24599149671567366,-0.09049889945896972,-1,High,Unusual consumption detected
MT_340,100.34282158255463,424.175824175824,93.30125004620004,0.2365595016583543,0.18164433832743682,1,Low,Normal consumption pattern
MT_341,779.1878657579576,2425.69269521411,643.0707300963302,0.32122282731662377,0.06053262468662335,1,Low,Normal consumption pattern
MT_342,204.0965240447748,880.317231434751,182.1128674916696,0.2318442906225248,0.14730220287999451,1,Low,Normal consumption pattern
MT_343,113.71920355276731,656.441717791411,129.87641875140253,0.1732357960663652,0.14483439205553117,1,Low,Normal consumption pattern
MT_344,130.36140552392328,678.447276940904,128.55553101517754,0.19214670020007818,0.1447471880737538,1,Low,Normal consumption pattern
MT_345,1565.9769409918204,5149.75845410628,1175.5124942004795,0.3040874547704567,0.004264326344224911,1,Low,Normal consumption pattern
MT_346,215.01934712023544,842.799188640974,169.1953343344665,0.2551252421907967,0.157405136829331,1,Low,Normal consumption pattern
MT_347,1.8448802391889676,103.092783505155,4.086486330353639,0.017895338320132924,0.07832398226510845,1,Low,Normal consumption pattern
MT_348,13.0654853708574,203.458799593082,23.09162542949339,0.06421686059776426,0.13309819019910046,1,Low,Normal consumption pattern
MT_349,144.05290113943988,589.53722334004,134.3330825592457,0.24434911899761655,0.16854319649977934,1,Low,Normal consumption pattern
MT_350,484.30808256231956,2288.55721393035,511.5983701070503,0.21162157520657862,0.06775484042483687,1,Low,Normal consumption pattern
MT_351,1230.4597941541817,6768.88888888889,1105.1487461031707,0.18178165048239714,-0.03783632251528779,-1,High,Unusual consumption detected
MT_352,77.09692331536,732.933233308327,95.23281683027588,0.10518955862781464,0.10762372595636133,1,Low,Normal consumption pattern
MT_353,391.2539676372222,1056.44644002566,279.6460611155044,0.3703490804774912,0.12242792898042071,1,Low,Normal consumption pattern
MT_354,90.12687278504076,391.783567134269,99.55830879511548,0.23004250393726489,0.17579727477981566,1,Low,Normal consumption pattern
MT_355,495.2601131881133,1736.68188736682,442.7436597393092,0.28517606868062245,0.09813264567102142,1,Low,Normal consumption pattern
MT_356,82.16438142125938,585.271317829457,108.3292297613284,0.1403868238853307,0.13588622674842327,1,Low,Normal consumption pattern
MT_357,1408.8817136975506,5378.78787878788,1243.202735989602,0.2619329383212347,-0.0035652371898844404,-1,High,Unusual consumption detected
MT_358,605.1083828122357,2737.63955342903,576.6998513158414,0.22103289019707043,0.061357272866044865,1,Low,Normal consumption pattern
MT_359,81.53175382028337,477.207977207977,85.3635631273149,0.17085161546817595,0.15543070308377854,1,Low,Normal consumption pattern
MT_360,388.2240801031498,1468.20175438596,347.62659877138185,0.26442147950266903,0.10986630326997837,1,Low,Normal consumption pattern
MT_361,218.21370116648535,852.962169878658,204.83353214840648,0.2558304563466494,0.14264109445058976,1,Low,Normal consumption pattern
MT_362,37607.98753707506,192800.0,38691.954832140436,0.19506217602217354,-0.3380680949102405,-1,High,Unusual consumption detected
MT_363,1887.42736608935,7751.05485232068,1801.486488294491,0.24350587140074886,-0.059026173391473646,-1,High,Unusual consumption detected
MT_364,2940.0317341795776,12386.3636363636,2732.2519665597206,0.2373603601906455,-0.13028375984652096,-1,High,Unusual consumption detected
MT_365,65.41314953680526,335.071707953064,65.00781810070504,0.19522134511567946,0.17330680511605007,1,Low,Normal consumption pattern
MT_366,9.269708540644631,60.2691632533645,10.01678166949311,0.15380516403846295,0.15494912995590404,1,Low,Normal consumption pattern
MT_367,424.262904335271,1138.7181738367,274.33712212489195,0.3725793739690618,0.1240862826098556,1,Low,Normal consumption pattern
MT_368,94.7047173839432,362.270450751252,80.29730136775503,0.26141993416120735,0.1820178550825241,1,Low,Normal consumption pattern
MT_369,625.2517338634406,1549.12023460411,380.6560418532854,0.40361730477507357,0.10139457004968744,1,Low,Normal consumption pattern
MT_370,8722.355145186255,30918.9189189189,9195.155776759888,0.2821041436817235,-0.2441859563681985,-1,High,Unusual consumption detected
